name,domain,composite,tier,city_state,nearest_primo_site,nearest_mi
U.S. Meat Export Federation (USMEF),usmef.org,98.07,A,"Denver, CO",US PL Denver Factory,0.4
Western Export Services Inc,wesdenver.com,97.89,A,"Denver, CO",US PL Denver Factory,0.5
"Swire Coca-Cola, USA Production Plant",swirecocacola.com,95.43,A,"Denver, CO",US PL Denver Factory,2.6
Culinaire Foods,culinairefoods.com,94.4,A,"Denver, CO",US PL Denver Factory,2.5
Earnest Machine,earnestmachine.com,92.27,A,"Greenwood, IN",US PL Greenwood Indiana,3.3
BASF Palmer Logistics,palmerlogistics.com,84.7,A,"Pasadena, TX",US PL Pasadena Factory,6.9
"ContiTech USA, Inc Warehouse",contitech.com,82.54,A,"Sun Prairie, WI",US PL Madison Factory,9.3
Fort Worth Distribution Center for tractor supply,tractorsupply.com,79.47,A,"Grand Prairie, TX",US PL Dallas 2 Factory,9.2
"WorldWide Electric, Ontario CA Warehouse",worldwideelectric.net,79.09,B,"Ontario, CA",US PL Ontario Factory,0.5
Wisconsin Kenworth - Madison,wisconsinkenworth.com,78.41,A,"Windsor, WI",US PL Madison Factory,10
Houston Methodist Distribution Center,houstonmethodist.org,77.84,B,"Houston, TX",US PL S Houston Factory,1.2
Volk Packaging Corporation,volkpackaging.com,77.04,A,"Biddeford, ME",US PL Hollis Factory,11.7
"Orca Logistics, Llc",orcalogisticsllc.com,76.97,B,"Denver, CO",US PL Denver Factory,1.7
Aker BioMarine Manufacturing,akerbiomarine.com,76.81,A,"Houston, TX",US PL S Houston Factory,14.6
Cardenas Market Distribution Center,cardenasmarkets.com,76.28,B,"Ontario, CA",US PL Ontario Factory,2.1
Final Mile Cold Storage,movingme.com,76.28,B,"Ontario, CA",US PL Ontario Factory,2.1
Corrugated Concepts & Packaging,corrcon.com,76.25,A,"Houston, TX",US PL S Houston Factory,15.1
Double A Logistics,doublealogistics.com,76.19,A,"Citrus Heights, CA",US PL Sacramento Factory,13.4
BDA Midwest Fulfillment Center,bdainc.com,76.12,A,"Plainfield, IN",US PL Greenwood Indiana,14.5
Nexen Tire Distribution Center,nexentire.com,75.94,B,"Ontario, CA",US PL Ontario Factory,2.3
Hanzo Logistics,hanzologistics.com,75.89,A,"Plainfield, IN",US PL Greenwood Indiana,14.7
Multicell North Inc.,multicellpkg.com,75.75,A,"Kutztown, PA",US PL Allentown NPL Factory,7
Nikel Precision Group,npg-mfg.com,75.74,A,"Saco, ME",US PL Hollis Factory,12.1
Progressive Logistics Inc,progressivelogistics.com,75.67,A,"Plainfield, IN",US PL Greenwood Indiana,14.9
Regal Beloit Logistics,regalbeloit.com,75.01,A,"Plainfield, IN",US PL Greenwood Indiana,15.5
"Kane Logistics, an ID Logistics company",idlogistics.com,74.6,B,"Allentown, PA",US DC NFI - Breinigsville,3.1
Hood Packaging Corporation,hoodpkg.com,74.52,A,"Tyler, TX",US PL Hawkins Factory,13.8
Carroll Fulmer Logistics Corporation,cfulmer.com,74.27,B,"Whiteland, IN",US PL Greenwood Indiana,3.3
Linder Industrial Machinery,linder.com,74.14,A,"Plant City, FL",US PL Zephyrhills Factory,15.2
Highland Packaging Solutions (A TOPPAN Company),highlandpackaging.com,73.79,A,"Plant City, FL",US PL Zephyrhills Factory,17.4
"States Logistics Services, Inc.",stateslogistics.com,73.78,B,"Ontario, CA",US PL Ontario Factory,3.6
"6G Logistic Solutions LLC - Warehouse, E-Commerce Delivery Solution, Fulfillment Center, Shipping",deliverysolutions.co,73.62,B,"Jurupa Valley, CA",US PL Ontario Factory,3.7
Peer Foods: Greenfield,peerfoods.com,73.51,A,"Greenfield, IN",US PL Greenwood Indiana,16.9
Metropolitan Warehouse &Delivery Corp,metropolitanwarehouse.com,73.46,B,"Eastvale, CA",US PL Ontario Factory,3.8
VF West Coast Distribution Center,wcshipping.com,73.13,B,"Ontario, CA",US PL Ontario Factory,4
Lynch Logistics Inc.,lynchlogistics.com,73.13,B,"Auburn, ME",US PL Poland Spring Factory,4
"WSI (Warehouse Specialists, LLC)",wsinc.com,72.81,B,"Allentown, PA",US DC NFI - Breinigsville,4.2
Cooper Tire Whiteland Distribution Center,coopertire.com,72.66,B,"Whiteland, IN 46184, USA",US PL Greenwood Indiana,4.3
PPG Paints Distribution Center,asianpaintsppg.com,72.1,A,"Reading, PA",US PL Allentown NPL Factory,19.1
Hilti Distribution Center - Denver,hilti.com,72.02,B,"Denver, CO",US PL Denver Factory,4.7
Southwark Metal Manufacturing Co,southwarkmetal.com,71.77,A,"McCordsville, IN",US PL Greenwood Indiana,21.6
Land O' Lakes- Purina Distribution Center,landolakes.com,70.96,A,"Lakeland, FL",US PL Zephyrhills Factory,20.3
USPS North Houston TX Distribution Center,usps.com,70.59,A,"North Houston, TX",US PL S Houston Factory,18.6
Roadtex Transportation,roadtex.com,70.53,A,"Greenfield, IN",US PL Greenwood Indiana,19.9
Empire Container Freight Station - Export,empirecfs.com,59.66,A,"Compton, CA",US PL Ontario Factory,37.3
Pegasus Foods Inc,pegasusfoods.com,56.83,A,"Rockwall, TX",US PL Dallas 2 Factory,33.8
Bartush Schnitzius Foods Company,bartushfoods.com,56.35,A,"Lewisville, TX",US PL Dallas 2 Factory,25.7
"Tyson Processing Plant Monroe, N.C.",tyson.com,54.65,A,"Monroe, NC",US PL McBee Factory,37.7
Cheney Brothers Florence,cheneybrothers.com,53.38,A,"Florence, SC",US PL McBee Factory,34.9
Praxis Packaging,praxispackaging.com,51.17,A,"Grand Rapids, MI",US PL Mecosta Factory,57.2
Kaiser Logistics Inc,kaiserlogistics.com,49.57,B,"Milton, WI",US PL Madison Factory,27.8
Jaxport Refrigerated Services,jaxport.com,49.41,A,"Jacksonville, FL",US PL High Springs Factory,68.5
Perrigo ACDC Warehouse,perrigo.com,41.21,B,"Holland, MI 49423, USA",US PL Mecosta Factory,71.9
Raybestos Powertrain - Manufacturing Plant,raybestospowertrain.com,39.95,A,"Crawfordsville, IN",US PL Greenwood Indiana,51.3
"Aberdeen Coca-Cola Bottling Co., Inc.",cocacolaunited.com,39.18,A,"Aberdeen, NC",US PL McBee Factory,65.6
Marino\WARE Manufacturing Facility and Headquarters,marinoware.com,36.67,B,"South Plainfield, NJ",US DC NFI - Breinigsville,64.2
The Campbell Soup Company,snyderslance.com,36.25,A,"Maxton, NC",US PL McBee Factory,56.9
Berner Food & Beverage Distribution Center,bernerfoods.com,34.6,A,"Rockford, IL",US PL Madison Factory,63.6
Pioneer Cold Logistic Services,pioneercold.com,33.11,A,"Chicopee, MA",US PL Saratoga Spring Factory,88.2
Anchor Bay Packaging Corporation,anchorbaypkg.com,28.41,B,"New Baltimore, MI",US PL Mecosta Factory,134.9
