company_or_facility,facility_city_state,segment,icp_tier,icp_score,distance_mi,nearest_live_site,corridor
"Nestle Bottled Water Delivery Dallas","Dallas, TX","shipper","A",95,1.0,"Dallas, TX","Dallas, TX"
"U.S. Meat Export Federation (USMEF)","Denver, CO","shipper","A",87,0.4,"Denver, CO","Denver, CO"
"Western Export Services Inc","Denver, CO","shipper","A",87,0.5,"Denver, CO","Denver, CO"
"Flexport Denver","Denver, CO","shipper","A",87,0.8,"Denver, CO","Denver, CO"
"Cardinal Health at Home Distribution Center","Ontario, CA","shipper","A",100,1.5,"Ontario, CA","Ontario, CA"
"Target Grocery","Denver, CO","shipper","A",90,0.4,"Denver, CO","Denver, CO"
"Walmart Business Center","Hot Springs Village, AR","shipper","A",90,0.6,"Hot Springs, AR","Little Rock, AR"
"Fastenal Fulfillment Center","Greenwood, IN","3pl","A",92,1.1,"Greenwood, IN","Indianapolis, IN"
"Frito-Lay - Dallas-Fort Worth Warehouse","Dallas, TX","shipper","A",95,2.3,"Dallas, TX","Dallas, TX"
"Blue Eagle Logistics, Inc.","Breinigsville, PA","3pl","A",100,2.4,"Breinigsville, PA","Allentown, PA"
"Bimbo Bakeries USA","Sacramento, CA","shipper","A",95,2.5,"Sacramento, CA","Sacramento, CA"
"Grainger Industrial Supply","Madison, WI","shipper","A",95,2.5,"Madison, WI","Madison, WI"
"DSC Logistics Inc","Breinigsville, PA","3pl","A",100,2.6,"Breinigsville, PA","Allentown, PA"
"KeHE Distributors-LHV","Breinigsville, PA","shipper","A",100,2.7,"Breinigsville, PA","Allentown, PA"
"BlueTriton Brands - Deer Park","Breinigsville, PA","shipper","A",95,2.7,"Breinigsville, PA","Allentown, PA"
"Deer Park Bottled Water Delivery Breinigsville","Breinigsville, PA","shipper","A",95,2.7,"Breinigsville, PA","Allentown, PA"
"Caterpillar Inc","Ontario, CA","shipper","A",85,1.6,"Ontario, CA","Ontario, CA"
"Niagara Bottling","Ontario, CA","shipper","A",83,0.3,"Ontario, CA","Ontario, CA"
"Culinaire Foods","Denver, CO","shipper","A",87,2.5,"Denver, CO","Denver, CO"
"Costco Distribution Depot","Dallas, TX","shipper","A",80,0.9,"Dallas, TX","Dallas, TX"
"Dollar General","High Springs, FL","shipper","A",85,0.9,"High Springs, FL","Jacksonville, FL"
"Cummins Regional Distribution Center - Dallas","Dallas, TX","shipper","A",85,2.1,"Dallas, TX","Dallas, TX"
"Aldi Distribution Center","Greenwood, IN","shipper","A",90,1.0,"Greenwood, IN","Indianapolis, IN"
"Reyes Coca-Cola Bottling","Rancho Cucamonga, CA","shipper","A",90,3.6,"Ontario, CA","Ontario, CA"
"Bridgestone Firestone Distribution Center","Ontario, CA","shipper","A",92,1.7,"Ontario, CA","Ontario, CA"
"Crete Carrier Corporation","Macungie, PA","shipper","A",95,2.4,"Breinigsville, PA","Allentown, PA"
"XPO","Allentown, PA","carrier","A",87,3.0,"Breinigsville, PA","Allentown, PA"
"P&G Chemicals","Sacramento, CA","shipper","A",80,1.4,"Sacramento, CA","Sacramento, CA"
"Next Carriers","Greenwood, IN","shipper","A",85,2.6,"Greenwood, IN","Indianapolis, IN"
"BASF Corporation","Houston, TX","shipper","A",80,1.6,"Houston, TX","Houston, TX"
"Owens & Minor - Allentown Distribution Center","Allentown, PA","shipper","A",95,2.8,"Breinigsville, PA","Allentown, PA"
"Chewy Fulfillment Center DFW1","Dallas, TX","3pl","A",85,0.5,"Dallas, TX","Dallas, TX"
"Staples Fulfillment Center","Ontario, CA","3pl","A",90,1.8,"Ontario, CA","Ontario, CA"
"Greenfield Manufacturing Inc.","Saratoga Springs, NY","shipper","A",83,2.6,"Saratoga Springs, NY","Saratoga Springs, NY"
"LPM manufacturing","Ontario, CA","shipper","A",90,1.9,"Ontario, CA","Ontario, CA"
"King Soopers/Kroger Tejon Street Distribution Center","Denver, CO","shipper","A",90,2.0,"Denver, CO","Denver, CO"
"Panera Bread Warehouse","Ontario, CA","shipper","A",90,2.0,"Ontario, CA","Ontario, CA"
"Ball Metal Beverage Container","Saratoga Springs, NY","shipper","A",80,2.1,"Saratoga Springs, NY","Saratoga Springs, NY"
"Dupont Industrial Center","Ontario, CA","shipper","A",80,2.1,"Ontario, CA","Ontario, CA"
"Earnest Machine","Greenwood, IN","shipper","A",85,3.3,"Greenwood, IN","Indianapolis, IN"
"Tractor Supply Co.","High Springs, FL","shipper","A",80,1.1,"High Springs, FL","Jacksonville, FL"
"Uline Shipping Supplies - X1","Alburtis, PA","shipper","A",77,1.6,"Breinigsville, PA","Allentown, PA"
"Danone North America","Dallas, TX","shipper","A",82,1.7,"Dallas, TX","Dallas, TX"
"Best Buy Warehouse Ontario","Ontario, CA","shipper","A",90,2.7,"Ontario, CA","Ontario, CA"
"Amcor Rigid Plastics","Allentown, PA","shipper","A",80,2.7,"Breinigsville, PA","Allentown, PA"
"Schneider cross dock","Rancho Cucamonga, CA","carrier","A",97,4.5,"Ontario, CA","Ontario, CA"
"Wakefern Foods","Breinigsville, PA","shipper","A",85,1.8,"Breinigsville, PA","Allentown, PA"
"Kimberly Clark","Ontario, CA","shipper","A",90,3.4,"Ontario, CA","Ontario, CA"
"WestRock - Corrugated Container","Ontario, CA","shipper","A",80,3.6,"Ontario, CA","Ontario, CA"
"Exchange Logistics","Dallas, TX","3pl","A",93,4.6,"Dallas, TX","Dallas, TX"
"Holiday Homes Transporting Llc","Ballston Spa, NY","shipper","A",93,4.7,"Saratoga Springs, NY","Saratoga Springs, NY"
"Airport Costco Depot","Ontario, CA","shipper","A",90,4.0,"Ontario, CA","Ontario, CA"
"AutoZone Distribution Center","Ontario, CA","shipper","A",85,2.8,"Ontario, CA","Ontario, CA"
"DSV Silutions Shell warehouse Panalpina","Pasadena, TX","3pl","A",98,6.8,"Pasadena, TX","Houston, TX"
"Ocean Spray","Breinigsville, PA","shipper","A",73,2.5,"Breinigsville, PA","Allentown, PA"
"Infinix 12","Hawkins, TX 75765, USA","shipper","A",86,1.5,"Hawkins, TX","Tyler, TX"
"Smurfit Westrock Denver Container Plant","Denver, CO","shipper","A",80,4.6,"Denver, CO","Denver, CO"
"Twin Leaf Farms","Greenfield Center, NY","shipper","A",86,5.5,"Saratoga Springs, NY","Saratoga Springs, NY"
"Shorr Packaging Corp","Ontario, CA","shipper","A",82,4.0,"Ontario, CA","Ontario, CA"
"UTZ Quality Foods Inc","Allentown, PA","shipper","A",78,3.1,"Breinigsville, PA","Allentown, PA"
"Stearns Packaging Corporation","Madison, WI","shipper","A",77,4.1,"Madison, WI","Madison, WI"
"Superior Carriers Inc","Pasadena, TX","shipper","A",93,6.8,"Pasadena, TX","Houston, TX"
"Baxter Brewing Co.","Lewiston, ME","shipper","A",88,6.9,"Poland Spring, ME","Auburn, ME"
"Kwik Trip Distribution Center-DeForest","Windsor, WI","shipper","A",98,9.2,"Madison, WI","Madison, WI"
"MHC Kenworth - Denver","Denver, CO","shipper","A",78,5.1,"Denver, CO","Denver, CO"
"T553 Target Distribution Center","Fontana, CA","shipper","A",93,8.3,"Ontario, CA","Ontario, CA"
"Landmark Express","Grand Prairie, TX","shipper","A",88,8.3,"Dallas, TX","Dallas, TX"
"Greenfields Greatest Food Co Home of Sundaes Best Hot Fudge Sauce","Gansevoort, NY","shipper","A",86,7.8,"Saratoga Springs, NY","Saratoga Springs, NY"
"Onvo","Kutztown, PA","shipper","A",76,5.1,"Breinigsville, PA","Allentown, PA"
"Walgreens Micro Fulfillment Center","Allentown, PA","3pl","A",73,5.9,"Breinigsville, PA","Allentown, PA"
"PPG Industries Inc","Grand Prairie, TX","shipper","A",88,8.7,"Dallas, TX","Dallas, TX"
"MSI Express, Inc.","Grand Prairie, TX","shipper","A",83,8.9,"Dallas, TX","Dallas, TX"
"Advance Auto Parts Distribution Center Kutztown","Kutztown, PA","shipper","A",81,5.6,"Breinigsville, PA","Allentown, PA"
"CORNERSTONE ORGANIC FEED LLC","Kutztown, PA","shipper","A",71,5.7,"Breinigsville, PA","Allentown, PA"
"O'Reilly Auto Parts Distribution Center","Houston, TX","shipper","A",78,7.8,"Houston, TX","Houston, TX"
"Three Story Coca Cola Cup","Sacramento, CA","shipper","A",85,11.2,"Sacramento, CA","Sacramento, CA"
"ContiTech USA, Inc Warehouse","Sun Prairie, WI","shipper","A",91,9.3,"Madison, WI","Madison, WI"
"The Storage Guy, LLC - Schneider Storage","Middleton, WI","carrier","A",92,10.6,"Madison, WI","Madison, WI"
"ICDC(check in at Pepsi Warehouse Guard)","Indianapolis, IN","shipper","A",85,12.3,"Greenwood, IN","Indianapolis, IN"
"US Foods - Allentown Distribution Center","Allentown, PA","shipper","A",90,12.4,"Breinigsville, PA","Allentown, PA"
"Rios Packaging Corporation, LLC","Dallas, TX","shipper","A",75,8.6,"Dallas, TX","Dallas, TX"
"Bison Transport USA","Kutztown, PA","carrier","A",81,7.5,"Breinigsville, PA","Allentown, PA"
"Williams-Sonoma Distribution Center","Arlington, TX","shipper","A",70,7.6,"Dallas, TX","Dallas, TX"
"Medline Industries Distribution Center","Aurora, CO","shipper","A",90,13.2,"Denver, CO","Denver, CO"
"Neway Packaging Corporation","Commerce City, CO","shipper","A",80,9.1,"Denver, CO","Denver, CO"
"America's Beverage Company. Kroger Manufacturing","Irving, TX","shipper","A",83,10.0,"Dallas, TX","Dallas, TX"
"El Super Distribution Center","Ontario, CA","shipper","B",53,0.6,"Ontario, CA","Ontario, CA"
"Kgp Logistics","Ontario, CA","3pl","B",50,0.1,"Ontario, CA","Ontario, CA"
"Mountain Valley Spring Co- Bottling Facility","Hot Springs Village, AR","shipper","C",45,0.1,"Hot Springs, AR","Little Rock, AR"
"EXQUISITE LOGISTICS MOVING","Denver, CO","3pl","B",50,0.2,"Denver, CO","Denver, CO"
"Faith Point Ministries - Food Distribution Center","Hot Springs, AR","shipper","C",45,0.2,"Hot Springs, AR","Little Rock, AR"
"Autumn Lanes Logistics","Denver, CO","3pl","C",40,0.2,"Denver, CO","Denver, CO"
"Kellogg's APL Logistics","Rialto, CA","3pl","A",90,12.3,"Ontario, CA","Ontario, CA"
"Chipman Relocation & Logistics","Sacramento, CA","3pl","B",50,0.3,"Sacramento, CA","Sacramento, CA"
"Fast Rite Fulfillment","Ontario, CA","3pl","B",50,0.3,"Ontario, CA","Ontario, CA"
"Saratoga EOC Soup Kitchen - Food Distribution Center","Saratoga Springs, NY","shipper","C",45,0.3,"Saratoga Springs, NY","Saratoga Springs, NY"
"Gladstone Fulfillment, Inc","Ontario, CA","3pl","B",50,0.4,"Ontario, CA","Ontario, CA"
"Eleanor Klugn Jackson House For Crisis Intervention - Food Pantry Distribution Center","Hot Springs, AR","shipper","C",45,0.4,"Hot Springs, AR","Little Rock, AR"
"Hydra Warehouse","Sacramento, CA","shipper","C",40,0.4,"Sacramento, CA","Sacramento, CA"
"Aequus Worldwide Logistics, Inc.","Denver, CO","3pl","C",40,0.4,"Denver, CO","Denver, CO"
"Oec Group Liquid Logistics Solutions","Houston, TX","3pl","C",40,0.4,"Pasadena, TX","Houston, TX"
"WorldWide Electric, Ontario CA Warehouse","Ontario, CA","shipper","B",50,0.5,"Ontario, CA","Ontario, CA"
"Souvenir Warehouse","Denver, CO","shipper","C",45,0.5,"Denver, CO","Denver, CO"
"Simple Logistics LLC","Denver, CO","3pl","C",40,0.5,"Denver, CO","Denver, CO"
"GLOBALFOUNDRIES","Malta, NY","shipper","B",65,7.2,"Saratoga Springs, NY","Saratoga Springs, NY"
"Bodega Latina Distribution Center 220","Ontario, CA","shipper","C",45,0.6,"Ontario, CA","Ontario, CA"
"Flex Logistics","Ontario, CA","3pl","B",50,0.7,"Ontario, CA","Ontario, CA"
"Pbe Warehouse","Sacramento, CA","shipper","B",50,0.7,"Sacramento, CA","Sacramento, CA"
"SLR LOGISTICS","Sacramento, CA","3pl","C",40,0.7,"Sacramento, CA","Sacramento, CA"
"About Time Logistics Corp","Saratoga Springs, NY","3pl","C",40,0.7,"Saratoga Springs, NY","Saratoga Springs, NY"
"Total Warehouse","Ontario, CA","shipper","B",50,0.8,"Ontario, CA","Ontario, CA"
"Ross warehouse","Sacramento, CA","shipper","B",50,0.8,"Sacramento, CA","Sacramento, CA"
"TUTS Reed Rd Warehouse Unit D","Houston, TX 77051, USA","shipper","B",50,0.8,"Houston, TX","Houston, TX"
"Domestic Violence Services - Food Distribution Center","Saratoga Springs, NY 12866, USA","shipper","C",45,0.8,"Saratoga Springs, NY","Saratoga Springs, NY"
"JDS Industries - Warehouse - Houston","Houston, TX","shipper","C",40,0.8,"Houston, TX","Houston, TX"
"Sanders Supply - Distribution Center","Hot Springs, AR","shipper","C",40,0.8,"Hot Springs, AR","Little Rock, AR"
"Wisconsin Kenworth - Madison","Windsor, WI","shipper","A",78,10.0,"Madison, WI","Madison, WI"
"Congdon Hill Warehouse/Samuel Adam's","Alburtis, PA","shipper","B",50,0.9,"Breinigsville, PA","Allentown, PA"
"Consolidated Bonded Warehouses Inc.","Houston, TX","shipper","B",50,0.9,"Houston, TX","Houston, TX"
"JCT Logistics Inc.","Ontario, CA","3pl","B",50,0.9,"Ontario, CA","Ontario, CA"
"Metropolitan Warehouse","Ontario, CA","shipper","B",50,0.9,"Ontario, CA","Ontario, CA"
"Warehouse Paint Co.","Hot Springs Village, AR","shipper","C",45,0.9,"Hot Springs, AR","Little Rock, AR"
"Frontier Logistics","Ontario, CA","3pl","C",40,0.9,"Ontario, CA","Ontario, CA"
"Warehouse Gym","High Springs, FL","shipper","C",40,0.9,"High Springs, FL","Jacksonville, FL"
"Shahi Logistics, LLC","Sacramento, CA","3pl","C",40,0.9,"Sacramento, CA","Sacramento, CA"
"WCS Distribution","Ontario, CA","shipper","C",40,1.0,"Ontario, CA","Ontario, CA"
"Sherwin Williams Aurora Distribution Service Center","Aurora, CO","shipper","A",80,13.4,"Denver, CO","Denver, CO"
"DSI Logistics, Inc.","Houston, TX","3pl","B",50,1.1,"Houston, TX","Houston, TX"
"FWI Warehouse","Denver, CO","shipper","B",50,1.1,"Denver, CO","Denver, CO"
"CREAM LOGISTICS LLC","Houston, TX","3pl","B",50,1.1,"Pasadena, TX","Houston, TX"