,,,,,,,,,Connectivity,Shipment,Shifts per,Guards per,DCs per,,,,Staging Area,,Driveway,,Backup,Entry/Exit,,,,Fast Lane,Dock Doors,,,,Drop Area,,,,Ship/Rcv,Urban /,Potential,Multiple,,Remote,
Name,Type,Archetype,Archetype Name,,WMS,TMS,YMS,EBOL,Available,Volume,Day,Shift,Shift,Truck Gate?,Guard Shack?,Remote GS?,Pre-Gate,Post-Gate,Long (3+),Short (1-2 trucks),Sensitive?,Together,Separate,Entry Lanes,Exit Lanes,Opportunity?,0-10,10-25,25-50,50+,0-10,10-25,25-50,50+,Separate?,Rural,Connectivity Issue?,Facilities?,Scale,Drop Yard,
Publix Distribution Campus Lakeland FL (County Line),Distribution Campus,#10,Ship/Rcv Separate (Gate+GS),,,,,,,,,,,YES,YES,,,YES,YES,,,YES,,1,1,YES,,,,YES,,,,YES,YES,Rural,,,,YES,"https://www.google.com/maps/@28.0145,-82.0510,400m/data=!3m1!1e3"
Publix Frozen DC Lakeland FL,Frozen DC,#9,Gate + No GS (remote check-in),,,,,,,,,,,YES,,YES,,YES,YES,,,YES,,1,1,YES,,,,YES,,,,YES,YES,Rural,,YES,,YES,"https://www.google.com/maps/@28.0070,-82.0420,400m/data=!3m1!1e3"
Publix Produce DC Lakeland FL (Fresh/Deli),Produce DC,#6,Gate + GS (not BU sens.) + campus,,,,,,,,,,,YES,YES,,,YES,YES,,,YES,,1,1,YES,,,,YES,,,,YES,YES,Urban,,YES,,YES,"https://www.google.com/maps/@28.04210,-82.00779,400m/data=!3m1!1e3"
Publix Refrigerated DC Deerfield Beach FL,Refrigerated DC,#6,Gate + GS (not BU sens.) + campus,,,,,,,,,,,YES,YES,,YES,YES,YES,,,,YES,2,1,YES,,,,YES,,,,YES,YES,Urban,,YES,,YES,"https://www.google.com/maps/@26.30818,-80.12254,400m/data=!3m1!1e3"
Publix Grocery Distribution Center Boynton Beach FL,Grocery Distribution Center,#10,Ship/Rcv Separate (Gate+GS),,,,,,,,,,,YES,YES,,,YES,YES,,,YES,,2,2,YES,,,,YES,,,,YES,YES,Urban,,,,YES,"https://www.google.com/maps/@26.54345,-80.07825,400m/data=!3m1!1e3"
Publix Refrigerated DC Orlando FL,Refrigerated DC,#6,Gate + GS (not BU sens.) + campus,,,,,,,,,,,YES,YES,,,YES,YES,,,YES,,2,1,YES,,,,YES,,,,YES,YES,Urban,,YES,,YES,"https://www.google.com/maps/@28.45565,-81.28175,400m/data=!3m1!1e3"
Publix Grocery Distribution Center Jacksonville FL,Grocery Distribution Center,#6,Gate + GS (not BU sens.) + campus,,,,,,,,,,,YES,YES,,,YES,YES,,,YES,,2,2,YES,,,,YES,,,,YES,YES,Urban,,YES,,YES,"https://www.google.com/maps/@30.31480,-81.81880,400m/data=!3m1!1e3"
Publix Distribution Center Sarasota FL,Grocery Distribution Center,#9,Gate + No GS (remote check-in),,,,,,,,,,,YES,,YES,YES,YES,YES,,,YES,,1,1,,,,,YES,,,,YES,YES,Urban,,,,YES,"https://www.google.com/maps/@27.26430,-82.48635,400m/data=!3m1!1e3"
Publix Distribution Campus Dacula GA (Atlanta),Distribution Campus,#9,Gate + No GS (remote check-in),,,,,,,,,,,YES,,YES,YES,YES,YES,,,YES,,2,2,YES,,,,YES,,,,YES,YES,Urban,,YES,,YES,"https://www.google.com/maps/@33.99080,-83.92950,400m/data=!3m1!1e3"
Publix Refrigerated DC McCalla AL,Refrigerated DC,#9,Gate + No GS (remote check-in),,,,,,,,,,,YES,,YES,YES,YES,YES,,,,YES,1,1,YES,,,,YES,,,,YES,YES,Rural,,,,YES,"https://www.google.com/maps/@33.300700,-87.050100,400m/data=!3m1!1e3"
Publix Grocery Distribution Center McLeansville NC (Greensboro),Grocery Distribution Center,#6,Gate + GS (not BU sens.) + campus,,,,,,,,,,,YES,YES,,YES,YES,YES,,,YES,,2,1,YES,,,,YES,,,,YES,YES,Rural,,YES,,YES,"https://www.google.com/maps/@36.0814,-79.6612,400m/data=!3m1!1e3"
,,,,,,,,,,,,,,,,,,,,,,,,,,,,,,,,,,,,,,,,,
,,,,,,,,,,,,,,,,,,,,,,,,,,,,,,,,,,,,,,,,,
,,,,,,,,,,,,,,,,,,,,,,,,,,,,,,,,,,,,,,,,,
,#1,0,0%,,,,,,,,,,,,,,,,,,,,,,,,,,,,,,,,,,,,,,
,#2,0,0%,,,,,,,,,,,,,,,,,,,,,,,,,,,,,,,,,,,,,,
,#3,0,0%,,,,,,,,,,,,,,,,,,,,,,,,,,,,,,,,,,,,,,
,#4,0,0%,,,,,,,,,,,,,,,,,,,,,,,,,,,,,,,,,,,,,,
,#5,0,0%,,,,,,,,,,,,,,,,,,,,,,,,,,,,,,,,,,,,,,
,#6,5,45%,,,,,,,,,,,,,,,,,,,,,,,,,,,,,,,,,,,,,,
,#7,0,0%,,,,,,,,,,,,,,,,,,,,,,,,,,,,,,,,,,,,,,
,#8,0,0%,,,,,,,,,,,,,,,,,,,,,,,,,,,,,,,,,,,,,,
,#9,4,36%,,,,,,,,,,,,,,,,,,,,,,,,,,,,,,,,,,,,,,
,#10,2,18%,,,,,,,,,,,,,,,,,,,,,,,,,,,,,,,,,,,,,,
,Total,11,100%,,,,,,,,,,,,,,,,,,,,,,,,,,,,,,,,,,,,,,
,,,,,,,,,,,,,,,,,,,,,,,,,,,,,,,,,,,,,,,,,
,Fast Lane Opportunity,10,91%,,,,,,,,,,,,,,,,,,,,,,,,,,,,,,,,,,,,,,
,,,,,,,,,,,,,,,,,,,,,,,,,,,,,,,,,,,,,,,,,
,Rural / connectivity,4,36%,,,,,,,,,,,,,,,,,,,,,,,,,,,,,,,,,,,,,,
,,,,,,,,,,,,,,,,,,,,,,,,,,,,,,,,,,,,,,,,,
,Guarded,7,64%,,,,,,,,,,,,,,,,,,,,,,,,,,,,,,,,,,,,,,
,Not-Guarded,4,36%,,,,,,,,,,,,,,,,,,,,,,,,,,,,,,,,,,,,,,
,,,,,,,,,,,,,,,,,,,,,,,,,,,,,,,,,,,,,,,,,
,,,,,,,,,,,,,,,,,,,,,,,,,,,,,,,,,,,,,,,,,
,# Shifts,,,,,,,,,,,,,,,,,,,,,,,,,,,,,,,,,,,,,,,,
,1,0,0%,,,,,,,,,,,,,,,,,,,,,,,,,,,,,,,,,,,,,,
,2,0,0%,,,,,,,,,,,,,,,,,,,,,,,,,,,,,,,,,,,,,,
,3,0,0%,,,,,,,,,,,,,,,,,,,,,,,,,,,,,,,,,,,,,,
,NA,11,100%,,,,,,,,,,,,,,,,,,,,,,,,,,,,,,,,,,,,,,
,Total,11,100%,,,,,,,,,,,,,,,,,,,,,,,,,,,,,,,,,,,,,,
